customer_id,first_name,last_name,email,phone,address,city,country,registration_date
1,Nicholas,Mora,williamgordon@example.org,001-659-673-7540x4649,"Unit 4830 Box 6751
DPO AE 32884",New Kaitlyn,Moldova,1972-12-30
2,Debbie,Conley,erica57@example.net,991-965-5768x5049,"580 Christine Springs
Lake Ryanchester, MI 10963",North Alexandra,Kenya,2001-03-16
3,Brian,Walter,williamtownsend@example.net,602-881-7300x802,"310 Steve Trafficway Apt. 774
Stevenhaven, NV 97609",East Cindyberg,Kuwait,1992-09-18
4,Cole,Liu,cynthiawalters@example.org,001-720-587-1919,"1404 Molina Circle
Calebshire, FL 49122",Port Sarah,Nigeria,1992-09-28
5,Angela,Hall,kvilla@example.net,776-929-6418,"4866 Caitlin Shoals Suite 015
South Martinview, WV 83296",North Richard,British Virgin Islands,2013-08-21
6,Keith,Klein,balexander@example.net,(507)591-4531x2077,"655 Contreras Lake
Scotttown, NV 24604",East Stacy,Sri Lanka,2000-07-19
7,Gabriel,Diaz,kgonzalez@example.com,+1-464-394-1358x1080,"7888 Laura Locks Apt. 812
Lake Kylieland, NY 44364",Stevenland,Madagascar,1981-05-12
8,Christopher,Johnson,rrice@example.org,+1-773-669-8432x644,"9836 Griffin Haven
Jacksonbury, VI 52101",Shannonville,Mexico,1994-06-22
9,Monique,Torres,walter30@example.org,542.577.4665,"74756 Margaret Key
South Brianchester, FM 29589",Greggland,United States of America,2007-08-02
10,Stacy,Morris,cherylgordon@example.org,+1-956-785-3937x947,"97044 Anna Squares Apt. 938
Port Amy, AL 13838",New Donaldville,Saint Lucia,1995-03-27
11,Elizabeth,Nelson,angela00@example.org,(642)989-0101x99959,"907 Davidson Highway
Gonzalezhaven, ND 45750",Garretthaven,Swaziland,1998-05-20
12,Kevin,Monroe,housekatrina@example.org,711-973-5005x031,"33323 David Trail Suite 482
Atkinsview, GU 02319",Wilsonmouth,Liechtenstein,1974-12-17
13,Gregory,Garza,zthompson@example.net,+1-233-932-5643x8650,"439 Kimberly Views Suite 255
Sanchezfurt, IA 49040",Port Tinaberg,North Macedonia,2023-04-30
14,Monica,Tyler,vcollins@example.org,213.706.7627,"0833 Emily Isle Apt. 493
Spearston, MN 11848",Morrismouth,Hong Kong,1982-04-09
15,Eddie,Acosta,darrell66@example.org,+1-797-515-9158,"714 Samantha Summit
Lake Yvonneton, MI 69970",Lake Robertmouth,Morocco,1993-12-27
16,Gregory,Nguyen,melissacervantes@example.org,981.545.5427x527,"2174 Erin Plains Suite 580
Peckton, NY 20660",East Rickchester,Sao Tome and Principe,2000-05-31
17,Christine,Flores,aprilrichard@example.com,613-575-8640x5619,"169 Alvarez Court
South Joestad, KY 04009",North Kelsey,Niue,2003-12-13
18,Marcus,Johnson,amccarthy@example.org,(770)420-3982x601,"766 Isaac Knoll Apt. 302
Wrightburgh, VT 15095",Welchtown,Greenland,2011-12-13
19,Jennifer,Nunez,wadams@example.org,(433)462-7555,"3798 Betty Lock
West Kimberly, GU 70024",Janeborough,Zambia,1979-08-25
20,Michael,Durham,christina38@example.com,991.460.4282x44808,"1321 Mark Spring Apt. 854
East Kelly, TN 56398",North Robert,Belarus,1979-06-21
21,Jennifer,Nichols,brian67@example.net,001-781-935-9646x86750,"5560 Mckee Haven Apt. 545
New David, NM 16389",North Gregory,French Polynesia,1990-12-01
22,Hannah,Jimenez,frederickjohnson@example.org,(987)901-5106x0247,"5208 Travis Roads
Hillmouth, MP 71736",Turnershire,Liberia,1997-12-19
23,Rachel,Smith,srivers@example.net,300-918-9364,"24474 Beth Keys Suite 436
Lopezland, ND 35358",Rebeccatown,United States of America,2002-05-17
24,Jacqueline,Miles,paul11@example.com,(766)323-3603x26815,"68854 Colton Islands
Lake Kenneth, OR 61730",Robertton,Myanmar,2004-04-10
25,Robert,Evans,bryan61@example.com,(709)616-6890x271,"9773 Cole Mission Apt. 045
Davidtown, CO 19998",Nathanville,Uzbekistan,1980-04-14
26,Carla,Martin,vturner@example.com,001-652-967-9295x81246,"90546 Patrick Valley Suite 007
New Jose, SD 14266",Curtisfort,Vietnam,1999-01-04
27,Jennifer,Smith,pking@example.com,+1-401-675-1860x0911,"8299 Ward Motorway
Port Davidborough, IA 35615",Brockport,British Indian Ocean Territory (Chagos Archipelago),1985-01-30
28,Steven,Cox,don86@example.org,001-940-679-3239x74780,"9201 Pierce Springs Suite 453
Jeanton, MD 17440",North Blakeshire,Bhutan,2016-07-25
29,Cassandra,Collins,johnnyramirez@example.org,001-669-625-1639x8779,"5675 Lawrence Inlet
Muellerchester, MO 39049",Port Jamesport,Rwanda,1982-06-28
30,Joann,Mitchell,ashley46@example.com,001-558-701-2476,"6228 Kimberly Turnpike Suite 240
Randallmouth, RI 16129",New Lori,Nepal,2013-05-13
31,Amy,Gill,cpearson@example.org,+1-562-309-1113x516,"4205 Ashley Burg Apt. 416
New Tristanmouth, RI 78918",Lake Jacobfurt,Philippines,1970-06-26
32,Joshua,Kelly,christopher62@example.net,481.817.3380,"225 Kimberly Hills
Nancystad, ME 95354",East Williambury,Bhutan,1974-06-25
33,Gabriel,Barnes,jerryturner@example.net,(609)768-6614x3811,"24753 Alyssa Parks Apt. 666
Glenport, IL 20418",North Jennifer,Namibia,2022-10-04
34,Richard,Newman,jill33@example.com,954.330.8888,"1797 Arellano Junctions
Port Abigailmouth, SC 94019",Haastown,Timor-Leste,2004-03-25
35,Catherine,Smith,amy28@example.com,001-903-615-1564x89760,"USNV Shaw
FPO AE 80559",New Ronaldborough,Somalia,2003-03-01
36,Shelby,Ball,misty81@example.com,4049816298,"21547 Lance Curve Apt. 576
Brownfort, WA 48851",West Tammyburgh,Andorra,1989-02-12
37,Steven,Nelson,cstein@example.com,6989742437,"1628 Randall Expressway
Hardington, IA 15500",Stevenborough,Somalia,1984-05-07
38,Rebekah,Watts,alexanderjon@example.net,4573913220,"076 Rowland Ranch
Lake Gary, CA 44197",New Jennifermouth,Philippines,2015-03-26
39,Misty,Roberts,gatesdennis@example.net,001-479-277-1397x08670,"Unit 3637 Box 5885
DPO AA 91325",Timothychester,Marshall Islands,2013-11-29
40,William,Bell,nancy03@example.org,405-642-7708,"33653 Ruben Ferry Apt. 045
East James, TN 41147",Justinstad,Cyprus,1983-08-04
41,Jeffrey,Oneill,jonathanmorrison@example.net,299-416-2753x404,"9064 Tucker Views
South Davidland, FL 97087",Mariahville,Italy,2013-06-17
42,Heather,Martinez,inguyen@example.net,2668801364,"12737 Crawford River
North Robertville, MO 29388",Coxshire,Maldives,2007-01-07
43,Micheal,Webb,burtonmegan@example.org,2266388573,"8180 Smith Landing Apt. 509
East Michelleview, RI 57886",East Roy,Austria,1994-05-23
44,Valerie,Munoz,jonesmichael@example.org,7302828651,"448 Rojas Plains Suite 555
Baileychester, MO 50527",Lake Michael,Russian Federation,1971-03-18
45,Joshua,Griffin,brandon93@example.net,7057878199,"6028 Jessica Mission
Robertside, MD 59610",Torresview,Niger,1993-02-27
46,Michelle,Shaw,dunnsydney@example.org,598-606-3787x3786,"9488 Wells Dam Suite 745
Anthonyside, GA 84663",New Jeffreytown,Pitcairn Islands,1985-08-28
47,Keith,Rodriguez,sandra59@example.com,442.588.2613,"4728 Maria Prairie
Lake Rebeccaborough, NY 99762",Shawside,Grenada,1995-10-07
48,Sean,Quinn,lhaynes@example.org,+1-601-576-8375x145,"514 Christine Shore Apt. 749
Lake Christyfort, WI 49949",North Kathrynchester,Belarus,1977-01-22
49,Thomas,Horn,gloriabaker@example.org,233-643-6619x897,"8087 Pruitt Union
North Chelseachester, MP 18643",Lambertborough,Macao,2006-07-09
50,Lori,Zimmerman,kevinmarsh@example.net,5569943259,"754 Parker Village
Valeriechester, IN 97283",Johnsonland,Azerbaijan,2008-12-30
51,Michael,Clark,robert78@example.com,354.430.6660x339,"342 Murphy Junctions
North John, MA 02516",Lake Laurie,Senegal,2022-04-23
52,Tracy,Anderson,qbrown@example.com,9307204564,"46408 Walton Throughway
East Tammytown, MO 20845",Jonathanside,Italy,1996-08-27
53,Patrick,Mcdowell,cabrerageoffrey@example.org,(569)414-7106x5051,"4334 Robin Viaduct Suite 883
West Austinberg, IN 37332",Ronaldmouth,Algeria,2021-06-14
54,Michelle,Allen,vgrimes@example.net,755.992.4779x43961,"8254 David Drive Suite 973
East Theresa, IN 86877",West Lucas,British Virgin Islands,2016-09-27
55,Kyle,Lopez,jeffreyclark@example.org,(211)218-3682,"629 Lisa Square
Shawshire, VI 15856",Georgeborough,Bahamas,1998-03-07
56,Michael,Coleman,robersonamanda@example.org,+1-482-752-5295x7839,"9044 Booker Fork
Wolfefort, RI 85402",Wilsonfort,Taiwan,1992-05-29
57,Greg,Martinez,wchang@example.com,446.557.9152,"6474 Turner Burgs Suite 439
Kristiton, AS 34020",Hansonchester,Brunei Darussalam,2017-02-08
58,Tracie,Reed,kinglarry@example.org,885.916.2814x73724,"23636 Michael Station Suite 025
Lopezbury, GU 18344",North Dustinmouth,Uruguay,1979-12-25
59,Melissa,Stone,jdiaz@example.com,771.230.5559x718,"5175 Mark Club Apt. 738
Lake Jesseport, MS 40435",Davidchester,Cameroon,2014-04-09
60,Eileen,Johnson,brookslouis@example.org,+1-819-790-4284x692,"667 Johnny Pass Suite 998
Rachelton, HI 32086",New Janice,Grenada,1970-02-17
61,Paige,Patton,markramirez@example.com,001-841-584-3158x450,"444 Ellison Glens Suite 727
Garrettview, MT 69571",Fosterstad,Botswana,1974-04-26
62,Michael,Camacho,glasschristopher@example.net,(514)643-8363x513,"284 Michael Skyway
Lake Matthew, NJ 27974",Hicksshire,Qatar,2002-04-19
63,Jennifer,Lopez,reginaldjohnson@example.com,+1-286-348-3576x9388,"9835 Patel Freeway
Port Sherryville, FL 50041",Edwardsville,Lao People's Democratic Republic,1980-08-07
64,Jeffrey,Smith,wilsoncameron@example.org,8637345190,"29928 Sarah Canyon Apt. 827
East Nicholasfurt, GU 91573",Tateland,Saint Vincent and the Grenadines,2015-05-09
65,Michele,Doyle,petersontina@example.org,+1-405-720-2057x51384,"51582 Molly Loop Apt. 369
New Peterton, MN 52421",Wilsonburgh,Libyan Arab Jamahiriya,2002-06-11
66,Erica,Woods,melissa82@example.net,722-714-7193,"1289 Samantha Ville
Valdezstad, WI 09101",Lake Sarafort,Taiwan,2011-05-23
67,Brittany,Gregory,tinawerner@example.net,+1-548-586-7312x895,"1484 Simmons Lock Apt. 899
Greenemouth, GA 77262",Whiteborough,Gibraltar,2001-06-07
68,Melissa,Watson,alison64@example.org,001-385-922-4728x3350,"6514 Allen Street Apt. 377
Thompsonside, LA 64687",Raymondton,Angola,2018-02-17
69,Stacie,Boyer,shanelewis@example.org,001-440-990-0934x883,"125 Carlson Pines Suite 328
Port Robert, IA 98764",Wiseland,Mexico,2020-11-06
70,Lisa,Esparza,deborahhall@example.org,404-836-2961x196,"3738 Ryan Freeway Apt. 675
New Charles, AR 25043",Port Katherine,Spain,1980-01-30
71,Katherine,Giles,antonio69@example.org,556-533-0734x62988,"4710 Wilson Track
East Andreastad, PR 72754",Christianside,Egypt,1990-01-15
72,Randy,Williams,joshuamiller@example.com,658-456-3849x394,"630 Bates Mount
Jenniferview, MS 23043",Simpsonhaven,Kuwait,2006-03-24
73,Eric,Bowman,mark41@example.net,844-394-7738x1247,"0464 William Center Apt. 419
Jimmouth, UT 78680",East Williamville,Ghana,1980-01-09
74,Teresa,Rodriguez,enunez@example.org,627.552.1040,"566 Erika Common
Lake Stevenstad, WY 95129",Riddleland,Bosnia and Herzegovina,1997-10-01
75,Amy,Johnson,garciadenise@example.org,800-221-4402x890,"989 Shelton Fords Apt. 971
East Marissafurt, VI 39400",Walkertown,Azerbaijan,2012-07-05
76,William,Gregory,carlos35@example.org,291.318.2924x829,"46753 Heather Park
Danielleshire, MD 09576",Jenniferside,Bolivia,1992-11-07
77,Tyler,Clark,brooke48@example.net,(304)862-7747x84928,"977 Henry Shore
Griffintown, SC 88651",Heidiport,Malaysia,2016-12-14
78,Terri,Perry,wallsandrew@example.net,688.254.2087,"7202 Daniels Roads Suite 899
Lake Ernesthaven, HI 74672",New Omarshire,Turks and Caicos Islands,2003-10-04
79,Duane,Trujillo,christie91@example.net,(667)373-9700,"2683 Gilbert Lane
East Sarahside, WY 01639",Lanebury,Wallis and Futuna,2009-07-10
80,Michael,Gibson,fletcherrobert@example.com,6388346978,"488 Anthony Lakes
Ramirezbury, WV 30060",Melanieton,Bangladesh,1993-09-29
81,Jon,Baker,chris26@example.net,345.294.2668x603,"USNS Mcdonald
FPO AA 20659",Yuhaven,Palau,2009-08-05
82,Jaime,Willis,rojastimothy@example.com,349.400.0447x365,"815 Christopher Hill
Tiffanyport, IA 33940",South Feliciabury,Kuwait,1997-07-29
83,Kimberly,Carpenter,watsonscott@example.com,+1-879-846-6323x42242,"40261 Mark Drive
Port Catherinehaven, FM 08030",Joneschester,Lao People's Democratic Republic,1973-08-09
84,Gary,Waller,sierraallen@example.com,+1-639-918-9247x428,"7094 Jessica Turnpike Apt. 868
Lopezborough, FL 60291",Hernandezberg,Saint Martin,2005-06-09
85,Gary,Wheeler,mandyboyd@example.org,405.829.4739x24022,"4486 Lindsey Curve
East David, NE 10983",North Julia,Honduras,2010-09-24
86,Isabel,Chang,wilkersonmatthew@example.net,530-941-5079,"659 Kirk Trail
Lake Christinaside, IA 34743",Port Jillmouth,Egypt,2023-10-23
87,Michael,Davis,mholmes@example.net,282-237-4474x064,"09677 Sweeney Vista Suite 596
Justinview, AR 11279",North Brandon,United States Minor Outlying Islands,1993-09-19
88,Edwin,Sullivan,eric17@example.net,(975)377-4590x5988,"2769 Steve Hollow Apt. 303
North Michael, AR 27872",Lucastown,Uganda,2005-09-02
89,Daniel,Hughes,cheyennethompson@example.org,347.986.8300,"34427 Sheppard Squares
West Douglasberg, NH 19932",Maxwelltown,Nicaragua,2024-07-25
90,Austin,Greer,riddlejay@example.org,522.499.6685x882,"15925 Benson Highway
Larryfurt, NJ 18691",Ravenland,Cayman Islands,2012-06-08
91,Kelsey,Scott,tharper@example.net,(520)201-5881x5914,"38958 Mccoy Hill Suite 551
West Angelamouth, AL 37130",North Sheilaborough,Nepal,1983-07-01
92,Kelli,Fernandez,robin28@example.net,(879)852-0313x0751,"3043 Jones Rapid Apt. 196
Zacharystad, CA 59033",Karenfurt,French Southern Territories,1971-09-01
93,Jessica,Bryant,johnpeterson@example.com,932-947-2534,"67454 Baldwin Vista
Carrollmouth, RI 62524",South Aliciaside,Guadeloupe,2003-06-03
94,Joshua,Martin,avaldez@example.net,+1-498-489-4916x477,"81005 Willis Expressway Apt. 956
Wattstown, MO 65722",Santosberg,Mauritania,1994-12-06
95,Anna,Olson,angela80@example.net,642-844-8293x1177,"0118 Foster Walks
West Erica, AS 50994",South Jennifer,Morocco,1982-03-16
96,Megan,Ramirez,kjohnson@example.net,293-597-4997,"496 Rosales Gateway Suite 190
Jillberg, SD 82745",Greenland,Netherlands Antilles,1981-11-29
97,Monica,Norman,tayloradam@example.net,(974)562-8856,"58344 Jenna Ports
Lake Raymond, KS 95457",Harperchester,Angola,1980-08-06
98,James,Smith,oortega@example.com,226.284.8079,"642 Stacy Plaza Suite 671
Lake Lindsay, DC 93820",Gonzalezfurt,Palestinian Territory,2005-12-07
99,Theresa,Carpenter,hallcandace@example.org,(532)973-3092,"0622 Charles Dale
Devontown, MA 70700",North Nicholas,Mali,1982-12-14
100,Rachel,Reyes,tyler83@example.org,(343)467-8576x8491,"632 Cantu Port
Johnsonhaven, IL 22085",North Eddieburgh,Fiji,1993-10-04
